Name,Status,Number,Corporation Type,Date
(C.C.A.) COMMERCIAL CREDIT ADJUSTERS LTD.,Active,6584F,Company,2003-08-19
C & C Automotive Incorporated,Active,45566,Company,2001-12-04
C & C Builders Limited,Active,31706,Company,1993-04-19
C & C CABINETRY LTD.,Dissolved - Involuntary,56253,Company,2007-07-18
C & C CAR CARE LTD.,Dissolved (Prior To June 2004),22964,Company,1988-06-01
C & C CONSULTANTS LIMITED,Active,52314,Company,2005-08-25
C & C Contracting Ltd.,Dissolved - Voluntary,26959,Company,1990-07-20
C & C CONVENIENCE LIMITED,Active,50927,Company,2005-01-12
C & C Distributors Limited,Active,29431,Company,1991-12-09
C & C Enterprises Inc.,Active,26753,Company,1990-06-15
